<application>
  <component name="FileTypeManager" version="18">
    <extensionMap>
      <mapping pattern="UberInterviewExperience" type="AUTO_DETECTED" />
      <mapping pattern="HiringManager" type="AUTO_DETECTED" />
      <mapping pattern="dhandler" type="HTML::Mason Component" />
      <mapping pattern="autohandler" type="HTML::Mason Component" />
      <mapping ext="mp" type="HTML::Mason Component" />
      <mapping ext="mi" type="HTML::Mason Component" />
      <mapping ext="mc" type="HTML::Mason Component" />
      <mapping ext="gradle.kts" type="Kotlin" />
      <mapping ext="main.kts" type="Kotlin" />
      <removed_mapping ext="cfg" approved="true" type="brazil-config" />
      <removed_mapping ext="ignore" approved="true" type="IgnoreLang file" />
      <removed_mapping ext="m" approved="true" type="Matlab" />
      <removed_mapping ext="mc" approved="true" type="Mason2 Top-Level Component" />
      <removed_mapping ext="mi" approved="true" type="Mason2 Internal Component" />
      <removed_mapping ext="mp" approved="true" type="Mason2 Pure Perl5 Component" />
    </extensionMap>
  </component>
</application>