<application>
  <component name="JavaRebelPlugin">
    <option name="settingsStartupRadioSelection" value="2" />
    <option name="ideInstallationStorage">
      <map>
        <entry key="com.zeroturnaround.jrebel.FormatVersion" value="7.0.0" />
        <entry key="com.zeroturnaround.jrebel.ide.RemoteServerIdCounter" value="1" />
        <entry key="com.zeroturnaround.jrebel.ide.RemoteServers" value="{&quot;RemoteServers&quot;:[{&quot;syncEnabled&quot;:&quot;true&quot;,&quot;serverAuthenticationPassword&quot;:&quot;&quot;,&quot;httpBasicAuthenticationUser&quot;:&quot;&quot;,&quot;httpBasicAuthenticationPassword&quot;:&quot;&quot;,&quot;name&quot;:&quot;devdesktop&quot;,&quot;useServerAuthentication&quot;:&quot;false&quot;,&quot;deleteFilesOnServer&quot;:&quot;true&quot;,&quot;id&quot;:&quot;1&quot;,&quot;useHttpBasicAuthentication&quot;:&quot;false&quot;,&quot;url&quot;:&quot;http:\/\/dev-dsk-asishroy-1b-b101d63c.eu-west-1.amazon.com:8998&quot;}]}" />
        <entry key="com.zeroturnaround.jrebel.intellij.plugin.old-agent-version" value="2021.1.2" />
        <entry key="com.zeroturnaround.jrebel.remoting.SyncOnBuild" value="true" />
        <entry key="com.zeroturnaround.jrebel.update.LastKnownVersionOnUpdateSite" value="2021.2.0" />
        <entry key="com.zeroturnaround.jrebel.update.UpdateNotificationCount" value="1" />
      </map>
    </option>
  </component>
</application>